Job Position,Company,Location,Salary,Job Type,Days_Since_Posted,Link,Description
D3 for Data Analyst - Production Staff (CODE : PROD DA),PT Panasonic Gobel Energy Indonesia (PECGI),"Cibitung, Jawa Barat",N/A,Full time,3,https://www.jobstreet.co.id/id/job/85166251?type=standard&ref=search-standalone&origin=jobCard#sol=ccf51170146749603ed8848f6ed4d3eab91a03eb,"About the role
We are seeking a talented Data Analyst to join our dynamic Production team at PT Panasonic Gobel Energy Indonesia (PECGI) in Cibitung District, Bekasi, West Java. As a fulltime employee, you will play a crucial role in driving data-driven decision making and optimising our production processes.
What you'll be doing
Collect, analyse and interpret data from various production systems to identify trends, patterns and opportunities for improvement
Develop and maintain reporting dashboards to provide real-time visibility into production performance
Collaborate with cross-functional teams to implement data-driven solutions that enhance efficiency and productivity
Assist in the design and development of database structures to support the organisation's data management needs
Provide data-driven recommendations to management to drive strategic decision making
Stay up-to-date with the latest data analysis tools and techniques to continuously improve processes
What we're looking for
D3 qualification in a relevant field such as Information Technology, Computer Science or Data Analytics
Proficient in data analysis tools and techniques, including SQL, Excel, and data visualisation software
Strong problem-solving and critical thinking skills with the ability to interpret data and draw meaningful insights
Excellent communication and presentation skills to effectively convey data-driven insights to stakeholders
Familiarity with production processes and an understanding of manufacturing operations
Attention to detail and a keen interest in continuous improvement
What we offer
At PT Panasonic Gobel Energy Indonesia (PECGI), we are committed to providing a rewarding and fulfilling work environment. You will have the opportunity to contribute to the growth and success of our organisation, while benefiting from:
- Competitive remuneration package
- Comprehensive health and welfare benefits
- Opportunities for professional development and career advancement
- Collaborative and supportive team environment
If you are ready to embark on an exciting data-driven journey with us, we encourage you to apply now."
ADMIN DATA ANALYST,PT Atria Artha Persada,"Medan, Sumatera Utara",Rp 3.500.000 – Rp 4.000.000 per month,Full time,2,https://www.jobstreet.co.id/id/job/85188393?type=standard&ref=search-standalone&origin=jobCard#sol=701814675fd774c1b5e115bd05767dd43fbf0108,"Tugas & Tanggung Jawab :
1.     Melakukan Analisa Data Penjualan (Harian & Bulanan)
2.     Melakukan koordinasi dengan departmen terkait analisis data
3.     Membuat Report rekapan Program yang di jalankan
Kualifikasi :
·        Usia maksimal 35 tahun
·        Pendidikan S1 Ilmu Komputer,/Teknologi informasi /sederajat
·        Memiliki pengalaman selama minimal 2 tahun di bidang yang sama.
·        Pernah bekerja diperusahaan FMCG/distributor menjadi nilai plus
·        Terbiasanya dengan pengolahan data yang banyak
·        Mampu Berkomunikasi dengan baik
·        Mampu mengunakan Query / SQL dalam pengolahan data menjadi nilai plus
·        Menguasai Ms. Excel (Hlookup, Vlookup, Pivot Table dll)
·        Terbiasa membangun data pipeline,Database, & Struktur data
·        Menguasai Aplikasi SAP menjadi nilai tambahaan
·        Keterampilan pemecahaan masalah yang kuat dengan penekanan pada pengembangan produk.
·        Jujur ,Teliti, dan Bertanggung Jawab"
Contract & Data Analyst,PT Mineral Alam Abadi (Mineral Alam Abadi Group).,"Jakarta Barat, Jakarta Raya",N/A,Kontrak/Temporer,4,https://www.jobstreet.co.id/id/job/84804038?type=standard&ref=search-standalone&origin=jobCard#sol=cd3bed43d5f5bf748156442ddc9c2f7544c9743d,"Job Description:
Collaborating with internal users to deliver well-defined scopes of work and commercial aspects, incorporating lessons learned from previous projects.
Supporting and coordinating with other internal functions to ensure seamless contract processes.
Maintaining a structured and organized system of both physical and digital contract records.
Negotiating contract terms with internal and external business stakeholders.
Developing and setting up tender schedules based on lead times stated in the contract requisition.
Preparing, reviewing, and finalizing contractual agreements with a high level of accuracy.
Ensuring compliance, discipline, and accuracy in record keeping and contract documentation.
Leading regular contract performance reviews with major contractors to resolve issues, improve overall performance, and streamline the invoice and payment processes.
Job Requirement:
Bachelor’s degree in a relevant field with a minimum of 1 year experience in contract administration or a related role.
Strong attention to detail with the ability to spot errors and inconsistencies.
General understanding of legal and regulatory requirements involved in contracts.
Ability to work independently and manage multiple projects simultaneously.
High integrity, hardworking, open-minded, innovative, agile, and honest.
Strong planning and organizational skills with the ability to set and achieve realistic goals.
Effective teamwork, with demonstrable ability to lead and coordinate with cross-functional teams.
Fast response time and strong prioritization skills.
Strong written and verbal communication skills, including proficiency in Microsoft Office (Word, Excel, PowerPoint).
Excellent analytical, problem-solving, and documentation skills."
Data Analyst,PT Kalowave Teknologi Indonesia,"Jakarta Barat, Jakarta Raya",Rp 5.650.000 – Rp 7.500.000 per month,Full time,4,https://www.jobstreet.co.id/id/job/85121791?type=standard&ref=search-standalone&origin=jobCard#sol=f56439880750082749d04695bca6d6b5d6f2e6c1,"Posisi: Data Analyst – TikTok Shop
Lokasi: Jakarta Barat (Full WFO)
Tipe Pekerjaan: Full-time
Mulai: Segera
Deskripsi Pekerjaan:
Kami mencari seorang Data Analyst penuh waktu yang memiliki pemahaman mendalam tentang sistem kerja TikTok Shop serta mampu mengolah dan menganalisis data e-commerce dengan efisien. Posisi ini bertanggung jawab untuk memberikan wawasan berbasis data guna mendukung pertumbuhan performa toko di TikTok Shop.
Tanggung Jawab:
- Mengumpulkan dan mengelola data dari TikTok Shop.
- Menyusun laporan harian, mingguan, dan bulanan dalam format spreadsheet dan dashboard.
- Menganalisis tren data untuk mendukung tim dalam pengambilan keputusan strategis.
- Berkoordinasi dengan tim internal (konten, operasional, kemitraan) untuk menyelaraskan data dan kemajuan kampanye.
- Menyusun wawasan serta rekomendasi berbasis data untuk meningkatkan performa kampanye.
- Memastikan akurasi dan integritas data.
- Memiliki pengetahuan tentang TikTok Shop.
Kualifikasi:
- Memahami sistem TikTok Shop (pengalaman terkait dengan TikTok Shop lebih diutamakan).
- Menguasai Microsoft Excel dan SQL.
- Memiliki pengalaman minimal 1 tahun di bidang analisis data atau bidang sejenis.
- Mampu mengolah dan menyajikan data dalam bentuk visualisasi sederhana (grafik, dashboard, chart).
- Teliti, rapi, komunikatif, serta mampu bekerja baik dalam tim maupun secara mandiri.
- Mudah beradaptasi dan cepat belajar hal baru.
- Menyukai tantangan.
- Bersedia bekerja full WFO di Jakarta Barat dan dapat mulai segera."
Data Analyst,PT. MAX AUTO INDONESIA,"Surabaya, Jawa Timur",N/A,Kontrak/Temporer,2,https://www.jobstreet.co.id/id/job/85205423?type=standard&ref=search-standalone&origin=jobCard#sol=13f32afc1e77e9cba01c1ab41b3c4560976ff7d4,"Job Desc :
1. Data Collection & Management:
Collect, clean, and organize data related to rental driver activities, fleet usage, and operational metrics.
Maintain and update databases ensuring accuracy and integrity.
 2. Performance Analysis:
Analyze driver performance metrics, including fulfilment rate, online driver performance and earning, and compliance with company policies.
Identify trends and patterns to improve driver efficiency and satisfaction.
 3. Operational Insights:
Evaluate rental trends, peak usage times, and driver availability.
Provide insights to optimize fleet management and rental processes.
 4. Reporting & Visualization:
Create dashboards, reports, and visual presentations for key stakeholders.
Deliver actionable recommendations to improve operational efficiency and revenue.
 5. Collaboration:
Work closely with the operations, finance, and rental support teams to align analytics with business goals.
Support strategic initiatives with data-driven insights.
 6. Problem-Solving:
Monitor and troubleshoot issues related to rental systems, driver data, and customer feedback.
Propose solutions to address operational challenges and enhance service delivery.
 
Requirement :
Maximal age 35 years old
Have experience with the same position min 2 years
Ability to work a team and independently
Excellent Communication and interpersonal skill
Able to operating computer
Responsible and hard worker"
Data Analyst,PT YUXI Jayatama Indonesia,"Jakarta Utara, Jakarta Raya",Rp 10.000.000 – Rp 14.000.000 per month,Full time,4,https://www.jobstreet.co.id/id/job/85139885?type=standard&ref=search-standalone&origin=jobCard#sol=93c9156cea369c33b83a6cd40ca936add9d5edcf,"About us :
YUXI   JAYATAMA  is  an  Multi-Channel  Network (MCN) company  under  the Sands Group Indonesia with 9 business units such as Oppo, J&T Express, J&T Cargo, Y.O.U, Makuku, Olike, Jet Commerce, Fullmoon, Tomoro Cafe.
We provides services for brands in marketing planning, promotion, Brand Awareness, Campaign and assisting in finding the right creators for brands.
In  less  than  1  year,  Yuxi  have  achieved  several  significant milestones, such as number 1 MCN in Mom and Baby category on Tiktok, TOP 3 MCN in Tiktok, Shopee MCN Partner from October 2023 until now.
Data Analyst:
Job Responsibility: 
Collect, consolidate, and manage data from TikTok Affiliate, TAP, Shopee Affiliate, and other e-commerce platforms to uncover performance trends, identify growth opportunities, and generate insights that drive strategic actions.
Ensure data integrity, accuracy, and consistency across different sources.
Build and automate dashboards to monitor performance metrics such as CTR, conversion rate, GMV, commission, and ROI across each platform/channel, using Google Sheet or Feishu
Generate regular performance reports and provide relevant insights for all functions.
Analyze sales trends, content performance, and campaign effectiveness to deliver strategic recommendations.
Collaborate with creative, Business Development, and operations teams to identify analytics needs and growth opportunities.
Provide ad hoc analysis based on stakeholder requests (e.g., specific campaign performance, creator content analysis, etc.).
Job Requirements:
Fluency in English, both written and spoken, is required.
Bachelor’s degree in Statistics, Mathematics, Industrial Engineering, Computer Science, or a related field.
Minimum 1–2 years of experience as a Data Analyst or Business Analyst, preferably in digital, e-commerce, or MCN industries.
Experienced in using Google Sheets or Feishu (Chinese Google Sheet alternative); familiarity with other analytical tools such as SQL, Power BI, Tableau, or similar platforms is a strong advantage
Proficient in data visualization and reporting.
Familiarity with APIs, data pipelines, and platform integrations. Experience in navigating TikTok or Shopee Affiliate dashboards and extracting performance insights is a strong plus.
Strong business acumen and the ability to translate complex data into actionable insights."
Data Analyst,WINOD RITEL INDONESIA,"Karang Tengah, Banten",Rp 4.500.000 – Rp 5.500.000 per month,Full time,5,https://www.jobstreet.co.id/id/job/85109636?type=standard&ref=search-standalone&origin=jobCard#sol=2f19abc989fa395934f243d7e7595addb1dd656b,"Gambaran Umum Pekerjaan :
Memahami dengan baik sistem database produk-produk perusahaan.
Memelihara sistem database perusahaan.
Berkolaborasi dengan Head Store untuk memperoleh data yang dibutuhkan perusahaan.
Mengatur data yang diperoleh untuk dikelola sesuai jenis datanya.
Mempresentasikan data yang telah diproses dalam sebuah rapat untuk dijelaskan kepada seluruh tim tentang data yang ada sehingga bisa digunakan sesuai kebutuhan
Merancang dan mengimplementasikan database, sistem pengumpulan data, analisis data, dan strategi lainnya dengan tujuan meningkatkan efisiensi dan kualitas statistik. 
Menganalisis, mengevaluasi, dan memahami tren atau pola dalam kumpulan data yang kompleks
Melakukan kerjasama dengan manajemen dalam menetapkan prioritas kebutuhan bisnis dan informasi.
Kualifikasi :
Usia maks.35 Tahun
Berpengalaman sebagai Data Analyst min. 1 tahun (Industri Retail lebih disukai)
Pendidikan D3/D4/S1 Jurusan Bisnis, Keuangan, atau lainnya yang sesuai
Menguasai rumus Microsoft Excel (wajib)
Memiliki skill problem-solving
Responsif dan komunikatif
Teliti dan rapi
Dapat berbahasa Indonesia dengan fasih
Bertanggungjawab, jujur, dan disiplin
Mampu bekerja dibawah tekanan
Memiliki kemampuan dan keterampilan analitis yang kuat dalam mempelajari fungsi bisnis dengan kemampuan untuk mengumpulkan, mengatur, menganalisis, mengevaluasi kebutuhan bisnis, dan menyebarkan informasi memperhatikan detail dan akurasi."
Quality Control Data Analyst,PT Kartika Sari Indonesia,"Bandung, Jawa Barat",N/A,Full time,2,https://www.jobstreet.co.id/id/job/85200880?type=standard&ref=search-standalone&origin=jobCard#sol=fb8dba60991af4ec397712873f02dce80d812bc7,"Kualifikasi: 
Minimal pendidikan D4/S1 
Lulusan dari jurusan Sistem Informasi dan Teknik Informatika
Memiliki pengalaman bekerja minimal 1 tahun di bidang QC Data Analyst, atau dibidang serupa. 
Deskripsi Pekerjaan:
Melakukan kegiatan administrasi, penyiapan, pencatatan, dan pengarsipan data, dokumen
Pembuatan laporan dan monitoring aset
Membuat aplikasi pelaporan dan maintenance dashboard
Monitoring dan pencatatan, order perlengkapan CAPEX & OPEX
Pemantauan analisa external di departemen QC"
Master Data Management Intern,Danone Indonesia,"Jakarta Selatan, Jakarta Raya",N/A,Kontrak/Temporer,2,https://www.jobstreet.co.id/id/job/85184173?type=standard&ref=search-standalone&origin=jobCard#sol=8486ab4114f2e7296b7b23cf063345a73532baff,"We are seeking a highly motivated and organized active student to join our team as a Master Data Intern. This is a temporary clerical position focused on supporting the successful implementation of our new System. In this role, you will play a vital part in ensuring the accuracy and completeness of our master data.
Responsibilities:
Assist with the creation, update, and maintenance of master data within the system.
Follow up on data requests submitted through several systems.
Liaise with internal stakeholders to gather and clarify data requirements.
Perform data quality checks and identify inconsistencies.
Document processes and procedures related to master data management.
Maintain clear and concise records of all activities.
Qualifications:
Only for Undergraduate Students, from any major
Strong proficiency in Microsoft Excel, including data analysis.
Prior experience with data management or document management systems.
Demonstrated understanding of the English language (written and verbal).
Ability to learn new software and adapt to changing priorities.
Strong attention to detail and a commitment to accuracy.
Ability to work independently and as part of a team."
IT Database Administrator Analyst,PT Wahana Duta Jaya Rucika,"Gambir, Jakarta Raya",N/A,Kontrak/Temporer,2,https://www.jobstreet.co.id/id/job/85190152?type=standard&ref=search-standalone&origin=jobCard#sol=5437c792f719546af54eeb78209e7f47e9db2080,"Job Description:
• Mengkonfigurasi dan mengelola sistem manajemen basis data seperti MS SQL Server, My SQL, Postgre SQL (direkomendasikan berpengalaman di MS SQL Server)
• Memantau kinerja basis data, mengidentifikasi masalah, mengoptimalkan query serta penggunaan sumber daya atau peformance 
• Membuat dan mengelola berbagai cadangan atau backup database serta rencana pemulihan bencana atau restore
• Berpengalaman dalam implementasi keamanan dan integritas database seperti menerapkan patching, kontrol akses, enkripsidan prosedur pemantauan
• Berkolaborasi dengan tim pengembang aplikasi untuk memenuhi persyaratan data untuk kegiatan deployment production
• Mengembangkan dan menerapkan prosedur operasional standar untuk pengelolaan database
Qualification:
• S1 Ilmu Komputer / Sistem Informasi / bidang terkait
• Minimal 3-5 tahun pengalaman sbg IT Database Administrator
• Mampu bekerja dibawah tekanan, teroganizir dan self motivated
• Penempatan di Jakarta, tapi memungkinkan untuk menuju area lain di seluruh bisnis unit untuk keperluan visit/proyek"
Data Support (Jabar - Bandung),PT Depoguna Bangunan Online,"Bandung, Jawa Barat",N/A,Full time,16,https://www.jobstreet.co.id/id/job/84867376?type=standard&ref=search-standalone&origin=jobCard#sol=50eb8d1ad20f87772761281da710ca6de7a3be08,"Kualifikasi:
Berpengalaman min. 2 th di bidang Project support, terbiasa memahami proses yang berjalan.
Berpengalaman melakukan support pelaksanaan project mulai dari data setting, mapping data, pengecekan integrasi data ke system sampai dengan sosialisasi event terlaksana.
Berpengalaman dalam menangani masalah dan perubahan-perubahan yang terkait dengan aktivitasnya secara tepat sehingga isu-isu yang ada tersebut dapat terselesaikan.
Berpengalaman dalam melakukan monitoring terhadap fitur/proses yang berjalan pada project.
Terbiasa dalam menyediakan laporan-laporan terkait yang dibutuhkan oleh manajemen."
Data Analyst,PT Propan Raya Industrial Coating Chemicals,"Tangerang, Banten",N/A,Full time,5,https://www.jobstreet.co.id/id/job/85102118?type=standard&ref=search-standalone&origin=jobCard#sol=561cb752f3caaa31b1e8fc5b61715e60b6a4bcc5,"Job Description:
Menganalisis data untuk mengidentifikasi tren, korelasi, dan insight bisnis
Mengembangkan laporan, visualisasi data, dan dashboard interaktif
Memberikan rekomendasi berbasis data kepada stakeholder terkait
Berkolaborasi dengan tim lintas fungsi untuk memahami kebutuhan analitik
Requirements:
Lulusan S1 Statistika, Matematika, atau Akuntansi
Menguasai Microsoft Excel secara mendalam (termasuk fungsi lanjutan dan analisis data)
Kemampuan komunikasi dan kolaborasi yang solid
Adaptif dalam kerja individu maupun tim
Pengalaman 1–2 tahun sebagai Data Analyst dengan pemahaman analitik yang kuat"
Data Analyst,Altius Hospital,"Jakarta Barat, Jakarta Raya",N/A,Full time,4,https://www.jobstreet.co.id/id/job/85135079?type=standard&ref=search-standalone&origin=jobCard#sol=9eb9e482a2b75af67d3decd164bad645b0896520,"Job Descriptions:
Develop, implement, and maintain leading-edge analytical systems, taking complex problems and building simple frameworks
Identify trends and opportunities for growth through the analysis of complex data sets
Evaluate organizational methods and provide source-to-target mapping and information model specification documents for data sets
Create best practice reports based on data mining, analysis, and visualization
Evaluate internal systems for efficiency, issues, and inaccuracies, and develop and maintain protocols for handling, processing, and cleaning data
Requirements:
Bachelor's degree in Information Systems, Statistics or related major from reputable university with min. 3.00 GPA
Min. 2 years working experience as Revenue Analyst (from Hospital or Hotel background will be an added advantage)
Strong research and analysis skills
Proficient in excel and understand basic SQL server query"
IT System Analyst,PT Astra Otoparts Tbk,"Karawang, Jawa Barat",N/A,Full time,5,https://www.jobstreet.co.id/id/job/85095632?type=standard&ref=search-standalone&origin=jobCard#sol=872472707c0e27e7a58652bb3c06d4d5af1e2cef,"Pemeliharaan Sistem IT:
Mengelola dan memelihara perangkat keras dan lunak perusahaan (komputer, jaringan, printer, dll.).
Melakukan update software dan firmware secara rutin.
Memastikan jaringan internet berjalan stabil dan efisien.
Pemecahan Masalah (Troubleshooting):
Menangani masalah teknis harian dari karyawan terkait komputer, jaringan, dan perangkat lainnya.
Memberikan solusi cepat dan efektif untuk gangguan sistem atau jaringan.
Support Pengguna:
Memberikan dukungan teknis dan pelatihan kepada karyawan yang mengalami kesulitan dengan perangkat lunak atau perangkat keras.
Membantu instalasi dan konfigurasi sistem sesuai kebutuhan."
Data Analyst,PT Dinus Cipta Mandiri,"Jakarta Barat, Jakarta Raya",Rp 6.000.000 – Rp 8.000.000 per month,Kontrak/Temporer,5,https://www.jobstreet.co.id/id/job/84664778?type=standard&ref=search-standalone&origin=jobCard#sol=edb4b2bbb115ddcaf852f1c12d5c17f1fc3c05da,"Job requirements:
Max 35 years
Bachelor/Master's degree majoring in Statistics, Mathematics, Physics, Computers/Informatics, Engineering
Proficiency in Excel
Experience in using SQL
Experience with statistical analysis and data mining
Strong analytical and problem solving skills including ability to independently drive analysis concluding with rationalized recommendations
Strong communications skills for both technical and business purposes
Have knowledge of distribution systems
Fluent in English
 
Job Description:
Analyzing data related to sales, purchasing, distribution
Create reports and provide the data needed to help decision makers
Work closely with the marketing team to determine metrics to measure the success of business performance & achieve goals
Conduct cause-effect analysis to evaluate the effectiveness of various marketing initiatives
Manage the distribution of goods"
Research Analyst,PT Katadata Indonesia,"Jakarta Selatan, Jakarta Raya",N/A,Full time,3,https://www.jobstreet.co.id/id/job/84895674?type=standard&ref=search-standalone&origin=jobCard#sol=f92ffa72300cd4dc7cb04ed625a3f419559fae1c,"Katadata Insight Center (KIC) is a business unit of Katadata, specialized in research and data analytic, providing in-depth insight. To support our expanding operations, we are currently seeking professional and dynamic individual to join our team with the following qualifications:
Bachelor's or Master's degree in Political Economy, Public Policy, Development Studies, or related fields in Social Sciences.
Minimum 2 years of experience as an analyst or researcher, with strong experience in qualitative and quantitative research.
Possess in-depth knowledge and experience of quantitative and qualitative research methodologies and strong data analysis skills.
Experience in producing research outputs such as research reports, white papers, policy briefs, and other formats.
Proficiency in quantitative or qualitative data analysis software, such as NVivo, SPSS, R, etc. is a plus.
Possess critical thinking, problem-solving, and results-oriented skills.
Possess excellent communication and presentation skills, both in Bahasa Indonesia and English.
Possess an understanding of business and economic issues, as well as a strong interest in social, economic, political and development issues including sectoral industrial issues (i.e. digital, finance, energy, etc.) in Indonesia and internationally.
Possess integrity, objectivity, and commitment to research quality.
Responsibilities:
Design and execute end-to-end research projects, from proposal development, methodology determination, data collection and analysis, to report preparation and presentation.
Conduct qualitative and quantitative research to generate relevant and actionable insights for clients.
Evaluate and develop research methodologies to improve research quality and effectiveness.
Manage relationships with clients and other stakeholders to ensure smooth research project execution.
Publish research findings in the form of reports, articles, or presentations on various platforms.
Collaborate with the research team to produce innovative and impactful research."
Data Support (Medan),PT Depoguna Bangunan Online,"Medan, Sumatera Utara",N/A,Full time,16,https://www.jobstreet.co.id/id/job/84867517?type=standard&ref=search-standalone&origin=jobCard#sol=fde193789e212bb9b6a3156f6b12e1a7cbe3a5f7,"Kualifikasi:
Berpengalaman min. 2 th di bidang Project support, terbiasa memahami proses yang berjalan.
Berpengalaman melakukan support pelaksanaan project mulai dari data setting, mapping data, pengecekan integrasi data ke system sampai dengan sosialisasi event terlaksana.
Berpengalaman dalam menangani masalah dan perubahan-perubahan yang terkait dengan aktivitasnya secara tepat sehingga isu-isu yang ada tersebut dapat terselesaikan.
Berpengalaman dalam melakukan monitoring terhadap fitur/proses yang berjalan pada project.
Terbiasa dalam menyediakan laporan-laporan terkait yang dibutuhkan oleh manajemen."
System Analyst,PT Pranala Ragam Karya,"Kecamatan Tangerang, Banten",Rp 6.000.000 – Rp 8.000.000 per month,Full time,3,https://www.jobstreet.co.id/id/job/85166406?type=standard&ref=search-standalone&origin=jobCard#sol=871752992901a53863607c1dbfa0a2ae627c327a,"Requirment
1. Berpengalaman dalam bidang system analyst max selama 3 tahun
2. Pendidikan S1 IT akan leih baik karena harus memahami patter patter bahasa pemrograman
3. Dapat membuat ERD
Terbiasa melakukan optimasi Database terutama postgres dan my sql
5. bisa membuat dokumen teknis
6. Dapat membuat digaram system (DFD/UML) 
Selain dari ke 6 di atas, point point di bawah ini juga masuk di dalam kriteria yang di butuhkan
1. Aktif dalam bermomunikasi dengan Bahasa Inggris
Dapat berkomukasi dengan klien
3. Dapat membuat timeline
4. Dapat mengatur penggunanaan project management ex: trello
5. Memiliki analisys yang baik dalam suatu project"
Senior Data Analyst (Risk and Collection),PT Sejahtera Sama Kita,"Jakarta Selatan, Jakarta Raya",N/A,Kontrak/Temporer,5,https://www.jobstreet.co.id/id/job/85108414?type=standard&ref=search-standalone&origin=jobCard#sol=bd7a4f02510b65dfbfa425536940551b0ee2f805,"Job Summary
We are seeking a Senior Data Analyst focusing on Collection department to enhance the efficiency and transparency of our collection processes, agent productivity, and vendor-managed collections. This role is responsible for analyzing delinquency trends, tracking agent activities, and optimizing collection strategies—without requiring additional system investments at this stage.
Job Descriptions
:
1. Collection Data Analysis & Performance Tracking
Generate comprehensive reports on collection activities, recovery rates, and aged debt to support management decisions.
Develop manual tracking systems to log agent activity and improve operational visibility.
Conduct deep analysis of collection data to identify trends, inefficiencies, and opportunities for process improvements.
Provide insights on delinquency trends, payment behaviors, and overall collection effectiveness.
Create structured reports and dashboards to assist management in data-driven decision-making.
2. Collection Strategy Optimization
Evaluate and optimize collection processes to improve efficiency and maximize recovery rates.
Assess the effectiveness of different contact strategies, follow-up cadences, and segmentation approaches.
Identify gaps in early delinquency intervention and propose solutions to enhance recoveries.
Recommend enhancements to policies, procedures, and technologies to minimize delinquencies.
Collaborate with risk and operations teams to refine collection policies based on data-driven insights.
3. Vendor Management & Oversight
Establish visibility over third-party collection agents, ensuring full accountability beyond performance results.
Develop a framework for tracking and assessing vendor-managed agents’ activities.
Analyze vendor effectiveness, compliance, and efficiency, providing recommendations for improvement.
Coordinate with external collection agencies or vendors to optimize recovery processes while ensuring compliance with company policies.
Align collection strategies with internal business objectives to enhance overall efficiency.
Requirements
:
Bachelor’s degree in Finance, Business Administration, Economics, Statistics, Data Science, or a related field.
Minimum of 4-7 years in collections, credit risk management, or data analytics within fintech, banking, or financial services.
Proficiency in Excel (pivot tables, advanced formulas) for data manipulation and reporting.
Experience with SQL, Power BI, Tableau, or other data visualization tools for generating reports and insights.
Familiarity with banking-specific CRM systems or other customer relationship management tools.
Experience analyzing large datasets to track payment trends, collections performance, and customer behaviors.
Strong communication skills for preparing reports and coordinating with stakeholders.
Strong analytical and problem-solving skills to identify inefficiencies and recommend improvements.
Ability to manage multiple cases, prioritize tasks, and meet reporting deadlines."
Junior Analyst Strategic Management,PT. CBA Chemical Industry,"Tangerang, Banten",N/A,Full time,4,https://www.jobstreet.co.id/id/job/85125597?type=standard&ref=search-standalone&origin=jobCard#sol=8c3765fbf8a402ad2cb5fb70b617c12c78bc6796,"Kualifikasi:
Pendidikan minimal S1 di bidang Manajemen, Teknik Industri, Ekonomi, Matematik, atau setara.
Pengalaman minimal 1 tahun di bidang perencanaan strategis, business analysis, atau fungsi sejenis.
Memahami dasar penggunaan strategic management tools dan proses penyusunan corporate plan.
Memiliki kemampuan dalam pemetaan proses bisnis dan penyusunan dokumentasi kerja.
Mampu mengoperasikan Microsoft Excel, PowerPoint, Power BI dan tools analisis dengan baik.
Teliti, komunikatif, dan mampu bekerja multitasking dalam tim lintas fungsi.
Tanggung Jawab Utama:
Mendukung proses penyusunan monitoring board dari strategi perusahaan.
Membantu pemetaan proses bisnis serta dokumentasinya
Mengelola dan memperbarui Calendar of Events perusahaan.
Membantu pelaksanaan dan dokumentasi monthly & annual business planning review.
Mengkoordinir pengumpulan laporan dari seluruh direktorat setiap bulan, lalu menyusunnya menjadi satu laporan yang utuh.
Menyusun materi presentasi dan laporan analisis strategis untuk keperluan manajemen."
Customer Service Data Analyst,PT Coway International Indonesia,"Jakarta Selatan, Jakarta Raya",Rp 6.000.000 – Rp 8.500.000 per month,Full time,10,https://www.jobstreet.co.id/id/job/84995153?type=standard&ref=search-standalone&origin=jobCard#sol=9164a92ec64adb7281030f4e0e2134f5afeb9111,"Job Description:
Support Team Leader in developing SOP and operational customer service department, of which includes:
- Guidelines for each task in Customer Service Division
- Monitoring SOP implementation in Customer Service Division
- Review SOP actualization for improvement
- Review warranty card to ensure and maintain service quality
Support Team Leader in evaluate After Service, Product Return, and Product exchange implementation.
Support Team Leader in preparing time plan and improve ability of each branch by paying attention to every planning.
HQ & Branch Operation monitoring and support.
Handling Monthly Report.
Adhoc Analysis or Reporting Requested by Team Leader.
Job Requirements:
Minimum Bachelor Degree. 
Minimum 1-3  years of experience in the field of electrical or home appliances.
Strong data analysis skills.
Solid understanding of customer service, end-to-end operational processes, and analytical methodologies.
Excellent interpersonal and communication skills, with a positive attitude.
Proficiency in English is preferred.
Capable of working both independently and collaboratively in a team.
Ability to manage multiple tasks simultaneously, with strong organizational and time-management skills.
Proficient in using Microsoft PowerPoint, Word, and Excel for effective work output."
Staf Pengolahan dan Diseminasi Data Asuransi,PT Daya5 Rekrutmen,Jakarta Raya,N/A,Full time,3,https://www.jobstreet.co.id/id/job/85159776?type=standard&ref=search-standalone&origin=jobCard#sol=ad5eed34a611410cbc26e4a39cbaf0b98f0a4442,"Daya Dimensi Indonesia dengan bangga mewakili klien kami, Lembaga Penjamin Simpanan (LPS), mengundang putra-putri terbaik Indonesia yang memiliki pengalaman kerja dan kompetensi khusus untuk bergabung melalui jalur professional hire. Jadilah bagian dari langkah besar LPS dalam menjamin simpanan nasabah perbankan dan mempersiapkan penjaminan polis asuransi dalam rangka menjaga stabilitas sistem keuangan Indonesia.
Fungsi Jabatan:
Melaksanakan pengolahan dan pengelolaan data terkait penjaminan polis meliputi yang meliputi kegiatan pengolahan data, komputasi dan statistik, serta diseminasi data perusahaan asuransi secara efektif, efisien, berkualitas, dan sesuai dengan ketentuan yang berlaku.
Tanggung Jawab:
Pelaksanaan Pengolahan Data terkait Penjaminan Polis
Pelaksanaan Analisis Data, Komputasi dan Statistik terkait Penjaminan Polis
Pelaksanaan Pengembangan Data dan Statistik terkait Penjaminan Polis
Pengembangan Sistem Analitikal Data dan Big Data terkait Penjaminan Polis
Penyiapan Output (Tabulasi)
Pelaksanaan Diseminasi
Pengelolaan Data dan Informasi
Kualifikasi Umum:
Warga Negara Indonesia (WNI)
Pendidikan minimal S1
Diutamakan jurusan:
Teknik Informatika
Teknik Elektro
Ilmu Komputer
Teknik Komputer
Statistika/Matematika Komputasi
Indeks Prestasi Kumulatif (IPK) S1 minimal 2.75 (skala 4.00)
Usia maksimal 30 tahun per tanggal 26 Juni 2025
Kualifikasi Khusus:
Telah bekerja paling kurang 5 tahun, diutamakan yang memiliki pengalaman bekerja di bidang pengelolaan dan pengolahan data dan statistik, atau bidang lain yang relevan
Memiliki pemahaman terkait Artificial Intelligence, Data science, dan/atau Big Data
Pengalaman dalam Machine Learning (ML) dan Deep Learning (DL)
Menguasai Framework AI seperti Tensorflow, PyTorch, Keras,Scikit learn
Memahami konsep Computer Vision (Open CV), Natural Language Processing (NLP), Reinforcement Learning
Berpengalaman dalam pengembangan model AI."
Product Analyst,"PT SMART,Tbk",Jakarta Raya,N/A,Full time,2,https://www.jobstreet.co.id/id/job/85203218?type=standard&ref=search-standalone&origin=jobCard#sol=165205158c3cc8e1ed1ea2cceede296874453954,"Job Description Summary:
Product Analysts are curious, strategic, thinking out-of-the-box and focused on making the company better through trusted data insights. Working with Product Management chapter and close partnership with Digital Product Development chapter, they look at customer behaviors across the customer journey and help make the customer experience and business outcomes better.
 
Job Description:
Perform strategic and ad-hoc work in support of Product Manager to analyze user problems and requiremen
Create workflow, customer journey and/or blueprint to propose a solution
Help design prototype or wireframe, execute and evaluate A/B tests to improve the customer journey
Operate in an iterative mindset, focused on delivering improvements and value at high velocity
Work collaboratively with Product team members and Development team members
 
Job requirements:
 
Bachelor’s in business, computer science, engineering, or related field; MBA or Master’s in Digital Business is a plus.
2 to 5 years of experience in product or software development.
At least 1 product/project from 0 to 1 to a live product, steering it through MVP build-outs, feedback loops, and a public launch.
Excellent in time management skills, proven by 1 project timeline or similar roadmap from a previous project, ensures that the plan is kept on track.
 Experience in using Waterfall, Scrum, or Kanban to drive continuous improvement.
Uses a data-driven mindset with analytics tools to set success metrics and validate hypotheses.
""Our company has never levied any fees for the recruitment process nor has it required to order tickets and accommodation through a certain travel agent or certain person."""
JUNIOR DATA ANALYST,PT Smart Multi Finance,Jakarta Raya,Rp 5.000.000 – Rp 7.000.000 per month,Full time,16,https://www.jobstreet.co.id/id/job/84874081?type=standard&ref=search-standalone&origin=jobCard#sol=d3e5531ce256655b3801bba13fd5371b0f7b4657,"Kami sedang mencari 
Junior Data Analyst
 yang teliti, analitis, dan memiliki kemampuan kuat dalam mengolah data menggunakan 
Microsoft Excel
. Posisi ini cocok untuk kamu yang memiliki ketertarikan terhadap angka, mampu menyajikan data menjadi informasi yang berguna, dan ingin mengembangkan karier di bidang analitik.
Kualifikasi:
Pendidikan minimal S1 dari jurusan Statistik, Matematika, Teknik, Ekonomi, atau jurusan terkait.
Memiliki kemampuan 
lanjutan dalam Microsoft Excel
 (VLOOKUP/XLOOKUP, Pivot Table, IF/SUMIFS, Conditional Formatting, Data Validation, dll).
Mampu mengelola dan membersihkan data (data cleaning).
Memiliki kemampuan analisis dan problem solving yang baik.
Teliti, detail-oriented, dan mampu bekerja dengan data dalam jumlah besar.
Komunikatif dan mampu menyampaikan hasil analisis dalam bentuk yang mudah dipahami.
Pengalaman kerja di bidang analisis data menjadi nilai tambah, namun lulusan baru dipersilakan melamar.
Memahami dasar-dasar Google Sheets dan visualisasi data (misalnya menggunakan grafik Excel).
Penempatan Head Office (BSD-Kelapa Gading)"
IT Data Management (Data Base Administrator) Specialist,PT Bussan Auto Finance (BAF),"Jakarta Selatan, Jakarta Raya",N/A,Full time,8,https://www.jobstreet.co.id/id/job/85063723?type=standard&ref=search-standalone&origin=jobCard#sol=8e1805647d5d1ec28a6c9e849554913b94e8ca37,"Join our team as an 
IT Database Administrator Specialist
 and play a critical role in designing, optimizing, and maintaining our data transformation and warehousing processes. If you’re passionate about data, performance, and collaboration, this role is for you.
Key Responsibilities:
Ensure Database System is in accordance with SLA (Service Level Agreement) and compliance / regulatory.
Create & manage database system in development, testing & production area. Perform database system maintenance. Perform monitoring & repair if there is a problem with the database system.
Perform analysis & performance tuning in the database system.
Manage database objects, including tables, clusters, indexes, views, sequences, packages & procedures and manage Data Batch Job Process.
Perform installation, configuration & upgrade database system & tools that access the database.
Perform database backup & restore for production area.
Implement & implement security procedures in the database system.
Create monthly reports for database system activities.
Manage & coordinate with database system vendors & principals.
Qualifications:
Minimum 3 years of experience in data engineering or a related field.
Strong understanding of Relational Database Management System, Operating System, Virtualization / Container, Oracle, SQL Server, PostgreSQL, Window Server OS, Linux OS, Microsoft SSIS
Familiarity with data governance and security best practices.
Excellent analytical and problem-solving skills."
ICT Market Research and Strategy,PT PGAS Telekomunikasi Nusantara,"Jakarta Barat, Jakarta Raya",Rp 5.600.000 – Rp 7.000.000 per month,Kontrak/Temporer,23,https://www.jobstreet.co.id/id/job/84711962?type=standard&ref=search-standalone&origin=jobCard#sol=3f1ec99067ce3c1305e9d75f2770965665e01e0f,"Job Description
Melakukan penelitian pasar komprehensif untuk memahami dinamika industri, perilaku konsumen, dan tren pasar yang relevan.
Mengumpulkan, menganalisis, dan menafsirkan data pasar untuk mengidentifikasi wawasan, peluang, dan rekomendasi strategis.
Merancang, menerapkan studi pasar dan menganalisa kinerja komersial diantaranya survei konsumen, survei pasar, menyusun laporan, FGD dengan pelanggan dan calon potensial pelanggan.
Menyusun laporan dan presentasi yang jelas dan terperinci untuk mengomunikasikan temuan dan rekomendasi kepada pemangku kepentingan.
Berkolaborasi dengan tim pemasaran, penjualan, dan pengembangan produk untuk menginformasikan strategi dan inisiatif bisnis.
Menganalisa pasar : Market size pertumbuhan, tren dan segmentasi pasar.
Competitiveness identification : Produk, harga, market demand dan preferensi pasar.
Memantau tren pasar, pesaing, dan perkembangan industri untuk mengidentifikasi peluang dan ancaman baru.
Keterampilan dan Kualifikasi yang Dibutuhkan
Gelar sarjana dalam bidang Pemasaran, Manajemen Bisnis, Ekonomi, atau bidang terkait.
Minimal 2 tahun pengalaman dalam peran penelitian pasar.
Kemampuan analitis yang kuat, dengan pemahaman yang mendalam tentang metode penelitian kuantitatif dan kualitatif.
Keterampilan komunikasi yang luar biasa, baik tertulis maupun lisan, untuk menyajikan wawasan yang kompleks dengan jelas dan meyakinkan.
Kemahiran dalam menggunakan perangkat lunak analitik, seperti Excel, SQL, dan alat visualisasi data.
Pengetahuan tentang industri telekomunikasi dan tren teknologi yang relevan.
Kemampuan bekerja secara mandiri dan dalam tim untuk menyelesaikan proyek dengan tenggat waktu yang ketat.
Tentang Kami
PT PGAS Telekomunikasi Nusantara adalah penyedia layanan telekomunikasi terkemuka di Indonesia, menyediakan solusi komunikasi yang andal dan inovatif untuk pelanggan ritel dan korporat. Didukung oleh jaringan fiber-optic yang luas dan tim ahli, kami berkomitmen untuk memperluas akses telekomunikasi di seluruh negeri. Perusahaan kami memiliki budaya yang mendukung kreativitas, kolaborasi, dan pengembangan profesional, dengan fokus yang kuat pada kepuasan pelanggan dan inovasi.
Lamar sekarang untuk kesempatan yang menarik ini dan bergabung dengan tim kami di PT PGAS Telekomunikasi Nusantara."
Data Reporting Analyst,PT Wismilak Inti Makmur Tbk,"Surabaya, Jawa Timur",N/A,Full time,9,https://www.jobstreet.co.id/id/job/85027148?type=standard&ref=search-standalone&origin=jobCard#sol=009cdce41fc0cde638c54c953f36851dbb87ee6c,"Sebagai 
Data Reporting Analyst, 
Anda akan bertanggung jawab untuk:
Memenuhi kebutuhan informasi & data di departemen terkait
Checking serta update database / data di aplikasi yang dimiliki oleh departemen
Melakukan analisis data, menyusun rekomendasi / next action dari hasil analisis tersebut serta membuat report secara berkala
Melakukan improvement terhadap pengelolaan data serta penggunaannya di departemen terkait
Kami membutuhkan 
Data Reporting Analyst 
dengan kualifikasi sebagai berikut:
Lulusan D4/S1 Statistika / Matematika / Teknik
Memiliki pengalaman (internship / project / full-time) dalam hal pengolahan serta analisis data
Mampu menggunakan Microsoft Excel / Google Sheet di level Intermediate (Logic & Lookup Function, Pivot Table, Static / Dynamic Chart, Conditional Formatting, Data Validation, dll)
Mampu berkolaborasi dengan pihak lain (dalam/luar departemen) dalam pekerjaannya
Penempatan Surabaya
Bersedia mengikuti proses rekrutmen secara offline apabila diperlukan
Kebutuhan kami ada 2, yakni di Departemen Clinic & Departemen Sales
Notes: Hanya kandidat yang memenuhi kualifikasi yang akan kami proses lebih lanjut."
Staf Akuisisi Data Asuransi,PT Daya5 Rekrutmen,Jakarta Raya,N/A,Full time,3,https://www.jobstreet.co.id/id/job/85159930?type=standard&ref=search-standalone&origin=jobCard#sol=00175cc7ce067df2051a5242dcc95e6bc14323c4,"Daya Dimensi Indonesia dengan bangga mewakili klien kami, Lembaga Penjamin Simpanan (LPS), mengundang putra-putri terbaik Indonesia yang memiliki pengalaman kerja dan kompetensi khusus untuk bergabung melalui jalur professional hire. Jadilah bagian dari langkah besar LPS dalam menjamin simpanan nasabah perbankan dan mempersiapkan penjaminan polis asuransi dalam rangka menjaga stabilitas sistem keuangan Indonesia.
Fungsi Jabatan: 
Melaksanakan fungsi akuisisi data terkait penjaminan polis, yang meliputi pencarian dan akuisisi data, verifikasi, validasi, serta penyimpanan data secara efektif, efisien, berkualitas, dan sesuai dengan ketentuan yang berlaku.
Tanggung Jawab: 
Pencarian dan Akuisisi Data terkait Penjaminan Polis 
Verifikasi dan Validasi Data terkait Penjaminan Polis 
Penyimpanan Data terkait Penjaminan Polis 
Pengelolaan Data dan Informasi
Kualifikasi Umum:
Warga Negara Indonesia (WNI)
Pendidikan minimal S1
Diutamakan jurusan:
Teknik Informatika
Teknik Elektro
Ilmu Komputer
Teknik Komputer
Statistika/Matematika Komputasi
Indeks Prestasi Kumulatif (IPK) S1 minimal 2.75 (skala 4.00)
Usia maksimal 30 tahun per tanggal 26 Juni 2025
Kualifikasi Khusus: 
Telah bekerja paling kurang 5 tahun, diutamakan yang memiliki pengalaman bekerja di bidang pengelolaan dan pengolahan data dan statistik, atau bidang lain yang relevan
Memiliki pengalaman dalam bidang Artificial Interlligence, Data science, dan/atau Big Data.
Pengalaman dalam pengolahan data skala besar menggunakan SQL/NoSqL (PostgreSQL, MongoDB, Cassandra, Redis)
Memahami Big Data Architecture dan teknologi seperti Hadoop, Spark, Hive, Kafka
Menguasai Data Warehousing dan Data Lakes (Google BigQuesry, AWS Red Shift, Azure Synapse)
Familiar dengan ETL (Extract, Transform Load) process dan pipeline automation."
Analyst Sustainability Strategy,HuntHire,"Jakarta Pusat, Jakarta Raya",N/A,Full time,7,https://www.jobstreet.co.id/id/job/85076409?type=standard&ref=search-standalone&origin=jobCard#sol=bd3714657d13675bd2697842eca77566f2b6eb8c,"We are looking for an 
Analyst Sustainability Strategy
 to join our client company to support the company’s sustainability efforts, especially in reaching Net Zero Emission targets. This role helps plan and monitor sustainability strategies and ensures that environmental and social goals are part of our daily operations.
Key Responsibilities:
Proven work experience in the field of Sustainability and/or Environmental, Social, and Governance (ESG).
Strong understanding of sustainability frameworks, ESG principles, and regulatory requirements.
Experience in developing or supporting sustainability strategies, roadmaps, or reporting.
Familiarity with Net Zero Emission targets and related environmental initiatives.
Requirements:
Proven work experience in the field of Sustainability and/or Environmental, Social, and Governance (ESG).
Bachelor’s degree in Business/Management, Engineering, or Public Health."
Data Analyst Staff,PT Perindustrian Bapak Djenggot (Orang Tua Group),"Jakarta Barat, Jakarta Raya",N/A,Full time,25,https://www.jobstreet.co.id/id/job/84645827?type=standard&ref=search-standalone&origin=jobCard#sol=28350df2ba6fab769529149a26ccc16c837040e7,"Qualifications:
Bachelor's degree in Statistic, Mathematics, Information System, or Industrial Engineering
Minimum GPA of 3.00
Proficient in Microsoft Office especially 
Microsoft Excel
Willing to be placed in 
Jakarta Barat
Job Description:
Interpret and analyze data using statistical techniques
Provide reports to meet information needs"
Senior Data Analytics,PT Adecco Personnel Indonesia,Jakarta Raya,N/A,Full time,5,https://www.jobstreet.co.id/id/job/85093632?type=standard&ref=search-standalone&origin=jobCard#sol=d8ed139fd06c5fbd3dec5a9962fa0ad2c2c55e48,"Senior Data Analytics - Banking Company. 
Working Location : Jakarta - Head Office. 
We are looking for a seasoned Senior Data Analyst or Data Scientist with proven experience in the lending domain, particularly in analyzing various lending products such as personal loans, credit cards, BNPL, or SME financing. The ideal candidate should have some understanding of the lending lifecycle, with hands-on experience in areas such as credit risk assessment, loan performance analysis, underwriting strategies, collections optimization or any related project.
In addition, the candidate should be proficient in delivering insights across the full spectrum of analytics:
- Descriptive
- Diagnostic
- Predictive
- Prescriptive"
Data Analyst Staff,PT Sukanda Djaya,Jakarta Raya,N/A,Full time,23,https://www.jobstreet.co.id/id/job/84709914?type=standard&ref=search-standalone&origin=jobCard#sol=7849d5195497439e4a3f724090c0929698d731b7,"Responsibilities:
Process and analyze data to deliver accurate and timely routine and ad hoc reports
Enhance data processing and analysis workflow based on best practices 
Actively support and execute various initiatives to meet business and management needs
Facilitate user requests for reporting or analytical enhancements
Requirements:
Bachelor's degree in Management, Business, Accounting Information Systems, Industrial Engineering, or other relevant fields
Fresh graduate or up to 1 year of experience in data analysis background
Excellent in Microsoft Excel. Experience with Excel Macros/VBA is a strong value added
Proficient communication skills in English, both written and verbal
Demonstrated ability to manage multiple tasks, prioritize effectively, and work collaboratively with cross-functional teams
Willing to be placed in Jakarta/Cibitung"
Analyst Sustainability Strategy,HuntHire,"Jakarta Pusat, Jakarta Raya",N/A,Full time,7,https://www.jobstreet.co.id/id/job/85076409?type=standard&ref=search-standalone&origin=jobCard#sol=d958c4deb566aee04ddfb539b6c4a2c06072079d,"We are looking for an 
Analyst Sustainability Strategy
 to join our client company to support the company’s sustainability efforts, especially in reaching Net Zero Emission targets. This role helps plan and monitor sustainability strategies and ensures that environmental and social goals are part of our daily operations.
Key Responsibilities:
Proven work experience in the field of Sustainability and/or Environmental, Social, and Governance (ESG).
Strong understanding of sustainability frameworks, ESG principles, and regulatory requirements.
Experience in developing or supporting sustainability strategies, roadmaps, or reporting.
Familiarity with Net Zero Emission targets and related environmental initiatives.
Requirements:
Proven work experience in the field of Sustainability and/or Environmental, Social, and Governance (ESG).
Bachelor’s degree in Business/Management, Engineering, or Public Health."
Database Engineer,PT Graha Karya Informasi,"Tangerang Selatan, Banten",N/A,Full time,3,https://www.jobstreet.co.id/id/job/85164685?type=standard&ref=search-standalone&origin=jobCard#sol=6b956d257af3fe68fae77b155da95c0e3abce61c,"Qualifications:
* Implementasi Microsoft SQL Server (AlwaysOn FCI maupun AlwaysOn AG)
* Support operational database Microsoft SQL Server
* Upgrade Microsoft SQL Server
* Preventive Maintenance: 2 times
* Dokumentasi Preventive Maintenance: 2 times
* Check dan monitor MSSQL Server
* Capacity planning untuk server
* Health check MSSQL Server: 2 times
* Event viewer check pada setiap MSSQL Server: 2 times
* Patching seluruh Server MSSQL jika memerlukan update
* Aktivitas corrective maintenance/troubleshoot
* Dokumentasi problem report
* Dokumentasi move, add, dan change request."
Data Analyst Production,ASIA PULP AND PAPER,"Serang, Banten",N/A,Full time,16,https://www.jobstreet.co.id/id/job/84864701?type=standard&ref=search-standalone&origin=jobCard#sol=19b674c49cf8a883952e048794ee1b369cb0bab1,"Responsibilities:
Collect and organize data from various sources.
Deliver one effective data visualization dashboard to support data scenario analytics.
Support the team in documenting, managing administration, data sources, analysis results, and reports in an organized, secure, and systematic.
Complete process data analysis as directed and within the given deadline.
Job Requirements:
Bachelor's degree in Data Science, Statistics, or any related field with a minimum GPA 3.00.
Min 2 years experience in related field.
Proficiency in data analysis tools such as Excel, Python, R, Power BI, Tableau, or SQL.
Familiarity with data visualization tools, statistical methods, and database management concepts and tools is a plus
Understanding how to use AI Technology for data processing and analysis is an advantage
Have an understanding related to Project Management skills (Operational Excellent, TPM, TQM, Lean Six Sigma).
Have a good analytical thinking, communication skills, and team work.
Candidates must willing to work at Serang, Banten."
Project Improvement System,PT Tambang Sulawesi Hijau,"Jakarta Utara, Jakarta Raya",N/A,Full time,2,https://www.jobstreet.co.id/id/job/85194015?type=standard&ref=search-standalone&origin=jobCard#sol=434f1caf4eccb466bcd8b3f79c0aec1976fc17fe,"WE ARE PART OF PANCARAN GROUP
 
Kualifikasi:
Pendidikan minimal S1 di bidang Teknik Informatika atau Sistem Informasi.
Berpengalaman minimal 2 tahun sebagai System Analyst atau Business Analyst.
Memiliki pengalaman dalam peningkatan proses menggunakan SAP atau sistem open source.
Tugas dan tanggung jawab:
Menganalisis proses bisnis dan mengimplementasikannya dalam pengembangan sistem.
Menganalisis data dan informasi terkait sistem untuk meningkatkan efektivitas operasional.
Mengontrol dan mengevaluasi setiap proyek, serta memberikan laporan perkembangan proyek secara berkala dan berjalan sesuai target.
Membuat desain sistem yang efektif dan efisien untuk mendukung kelancaran operasional.
Komunikasi lintas departemen untuk memahami kebutuhan dan kendala operasional yang memerlukan improvement dan memberikan pelatihan serta sosialisasi kepada karyawan terkait sistem dan prosedur improvement.
Penempatan: Head Office, Kelapa Gading"
Data Analyst Business Operation Support,PT Bussan Auto Finance (BAF),"Jakarta Selatan, Jakarta Raya",N/A,Full time,15,https://www.jobstreet.co.id/id/job/84905136?type=standard&ref=search-standalone&origin=jobCard#sol=a237ef8043063290a0cf86d114a7d8d0358952ee,"Deskripsi Kerja (Data Analyst) :
Menyusun report, membuat simulasi hitung kredit untuk Departemen terkait
Membuat analisa kompetitor & market
Membantu cabang terkait produk baru di Departemen terkait (Business & Operation Support)
 
Kualifikasi :
Pendidikan minimal S1 (semua jurusan), latar belakang pendidikan Matematika dan Statistika lebih disukai
Memiliki pengalaman minimal 2 tahun sebagai data analyst (pengalaman di industri 
multifinance
 lebih disukai)
Terbiasa dan memahami aplikasi (
tools
) untuk analisa data & reporting
Memiliki keterampilan yang sangat baik dalam mengoperasikan Ms Excel dan Ms Power Point
Menguasai SQL lebih disukai"
DATA ANALYST STAFF,"PT Industri Jamu Dan Farmasi Sido Muncul, Tbk","Cilandak, Jakarta Raya",N/A,Full time,26,https://www.jobstreet.co.id/id/job/84634647?type=standard&ref=search-standalone&origin=jobCard#sol=2c1387ae8a3cd34c4da4bb8814c1eeb95317e6ae,"DATA ANALYST STAFF
 
Kualifikasi :
Minimal lulusan S1 atau sederajat Statistika, Matematika, IT atau yang setara
Memiliki pengalaman min. 2 tahun (pernah bekerja di Perusahaan FMCG menjadi nilai plus)
Memiliki pengalaman atau spesialisasi dalam sistem / database dan administrasi
Memiliki keterampilan Ms. Office (terutama Excel dan menguasai VBA lebih disukai)
Proaktif dan mampu bekerja secara individu maupun dalam tim
Berpikir kritis dan analitis
Memiliki kemampuan komunikasi dan presentasi yang baik
Hari Kerja Senin - Sabtu
 
Tanggung jawab kerja:
Melakukan analisa dari data marketing campaign
Mengelola data penjualan sebagai dasar penentuan keputusan
Membuat laporan penjualan untuk dilaporkan secara periodik 
Membuat dan memperbarui laporan kegiatan marketing terkini
Berkoordinasi dengan pihak-pihak terkait mengenai pengolahan dan penggunaan data
Memonitor laporan secara berkala"
Data Analyst Officer,PT Mahakarya Warisan Nusantara,"Jakarta Selatan, Jakarta Raya",N/A,Full time,26,https://www.jobstreet.co.id/id/job/84636403?type=standard&ref=search-standalone&origin=jobCard#sol=167a0b427ae485948b6ed8373b4e902be4fe0cda,"Tanggung Jawab Utama
Mengumpulkan, mengolah, dan menganalisis data dari berbagai sumber.
Mendukung tim dalam mendokumentasikan, mengelola administrasi, sumber data, hasil analisis, dan laporan secara terorganisasi, aman, dan sistematis.
Bertanggung jawab dalam membuat laporan untuk manajemen dan membantu dalam membuat menyiapkan Business Plan untuk tahun kedepan.
Membantu dalam menghasilkan insight, mengamati, dan memberikan rekomendasi kepada manajemen.
Menerapkan strategi lanjutan untuk mengumpulkan, meninjau, dan menganalisis data.
Menerapkan praktik terbaik untuk komunikasi data yang efektif dalam pemecahan masalah.
Keterampilan, Kualifikasi, dan Pengalaman yang Dibutuhkan
Gelar sarjana dalam bidang Matematika, Statistik, Ilmu Komputer, Accounting atau bidang terkait lainnya.
Minimal 2 tahun pengalaman sebagai Data Analyst atau peran sejenis.
Mahir dalam menggunakan Microsoft Excel level intermediate.
Memiliki kemampuan pemecahan masalah yang kuat dan kemampuan analisa yang baik.
Kemampuan komunikasi yang baik, baik lisan maupun tertulis, untuk menyampaikan temuan dan rekomendasi dengan jelas.
Jika Anda tertarik untuk bergabung dengan tim kami, lamar sekarang!"
Quality Control Data Analyst,PT Santos Jaya Abadi,"Karawang, Jawa Barat",N/A,Full time,24,https://www.jobstreet.co.id/id/job/84691452?type=standard&ref=search-standalone&origin=jobCard#sol=961e7ab80f0a5c897d111cbe0b0b3a243acd1c0c,"Quality Control Data Analyst bertanggung jawab mengawasi dan memastikan seluruh laporan pengecekan quality control yang digunakan telah melalui proses validasi yang akurat, konsisten, dan sesuai standar, serta memberikan rekomendasi/ide pengembangan sehingga kegiatan operasional QC lebih efektif dan efisien
Persyaratan
 Pendidikan S1 Statistik / Teknologi Pangan / Teknik Kimia / Teknik Industri
Menguasai alat analisis data (misal: Excel, SQL, Python/R (nilai tambah), BI tools seperti (Power BI/Tableau dan software statistik seperti SPSS/SAS)
Memiliki kemampuan analisis dan problem solving, teliti dan mampu bekerja dalam tim lintas fungsi
Pengalaman dalam pembuatan dashboard dan pelaporan data
Kemampuan komunikasi dan kepemimpinan yang baik"
Business Analyst,PT Orlansoft Data System,"Jakarta Pusat, Jakarta Raya",N/A,Full time,4,https://www.jobstreet.co.id/id/job/85130493?type=standard&ref=search-standalone&origin=jobCard#sol=8cdc05f092b673662fe5a03e5b530870eb9e95ae,"Job Description :
Conduct business and user requirement assessments.
Create detailed business process requirements documents,
Analyse and document the AS-IS & TO-BE business processes in the flowchart to formulate the problem statement for various use case & application scenario tests.
Investigate, evaluate, and report alternative solutions to business needs and recommend the preferred solution.
Actively participate in the project lifecycle and work closely with various internal and external stakeholders to ensure all business requirements are understood, documented, and met.
Ensuring solutions meet business needs and business requirements and also bring value to customers.
 
Requirement :
Minimum of 2-3 years of experience as a Business Analyst
Bachelor’s degree in Information Systems or Accounting or a relevant field
Excellent time management and organizational abilities.
Adaptability and flexibility in a dynamic work environment
Strong knowledge of business analysis principles, processes, techniques, and workflows.
Excellent communication, presentation, and negotiation skills.
Strong written and verbal communication skills are essential.
Critical thinker and problem-solving skills.
Experience with ERP or POS System is strongly preferred."
Inventory Data Analyst,CV.DINAMIKA ARTHA PERSADA,"Medan, Sumatera Utara",Rp 5.000.000 – Rp 7.000.000 per month,Full time,5,https://www.jobstreet.co.id/id/job/85092389?type=standard&ref=search-standalone&origin=jobCard#sol=a1e5f4a03950ac9bfbabe658f47eccff7ba006b1,"Persyaratan :
Pendidikan Minimal S1 Jurusan Statistika, Matematika, Fisika, Teknik Informatika atau bidang terkait.
Pengalaman minimal 2 tahun di bidang Data Analyst / Data Administrator.
Diutamakan kandidat yang memiliki pengalaman di bidang Inventory atau Supply Chain.
Mahir menggunakan Microsoft Excel, khususnya dalam pengolahan data dalam jumlah besar.
Mampu memvisualisasi data dengan tools Power Bi / Tableau (menjadi nilai tambah).
Berdomisili dan penempatan di Kota Medan.
Bersedia dilakukan background checking.
Tugas dan Tanggung Jawab :
Menganalisa kebutuhan inventory di setiap cabang dan memberikan rekomendasi pemesanan barang yang optimal.
Menyediakan laporan kepada cabang terkait barang yang slow moving, mendekati kedaluwarsa (expired), atau mengalami kelebihan stok (overstock) untuk ditindaklanjuti.
Memantau pergerakan barang antar gudang dan cabang, serta melaporkan setiap ketidaksesuaian yang ditemukan."
Logistik Staff – Support & Data Analyst (Head Office),PT Yafindo Global Investama,Jakarta Raya,N/A,Full time,15,https://www.jobstreet.co.id/id/job/84890235?type=standard&ref=search-standalone&origin=jobCard#sol=240dafa1154fb9db746e12aacba087c65b7e11a9,"Deskripsi Pekerjaan:
Logistik Staff – Support & Data Analyst akan bertanggung jawab dalam membantu operasional logistik sehari-hari, menganalisis kebutuhan logistik sesuai data permintaan cabang/depo, dan menyajikan laporan analitis untuk mendukung keputusan manajerial.
Tanggung Jawab Utama:
Mendukung aktivitas logistik harian termasuk distribusi, pengadaan, dan pengendalian stok.
Mengumpulkan dan mengolah data kebutuhan logistik dari cabang dan depo.
Menyusun laporan dan analisis kebutuhan barang, tren pemakaian, serta forecasting logistik.
Bekerja sama dengan Logistik Operation Manager dalam menyusun perencanaan dan strategi pengadaan.
Membuat dan mengelola sistem reporting otomatis berbasis Microsoft Excel (terutama macro dan VBA).
Meningkatkan efisiensi proses logistik dengan rekomendasi berbasis data.
Memastikan administrasi dan dokumentasi logistik tersimpan dengan baik dan akurat.
Kualifikasi:
Minimal pendidikan D3/S1, diutamakan dari jurusan Logistik, Teknik Industri, Manajemen, atau setara.
Pengalaman minimal 2 tahun di bidang logistik/operasional.
Memiliki 
penguasaan tinggi dalam Microsoft Excel
, terutama 
macro dan VBA
 (WAJIB).
Mampu membaca dan menganalisis data secara akurat dan logis.
Memahami proses operasional logistik seperti distribusi barang, inventory control, dan supply chain.
Teliti, terstruktur, dan mampu bekerja secara mandiri maupun tim.
Komunikatif dan memiliki kemampuan koordinasi lintas divisi.
Nilai Tambah (Optional but preferred):
Pernah bekerja di perusahaan distribusi FMCG/retail.
Menguasai software lain terkait analisis data seperti Power BI/Tableau (nilai tambah).
Familiar dengan sistem ERP/logistik internal perusahaan."
Junior Data Analyst,PT Mikatasa Agung,"Surabaya, Jawa Timur",N/A,Full time,12,https://www.jobstreet.co.id/id/job/84948590?type=standard&ref=search-standalone&origin=jobCard#sol=2404820d117594a7c243573e129cab18d54f4d9e,"Melakukan desain dan pengembangan proses manajemen data
Mengidentifikasi, menganalisa dan menafsirkan tren atau pola dalam kumpulan data kompleks
Merancang model survey sekaligus menganalisis data survey yang berhubungan dengan produk dan perilaku konsumen
Melakukan visualisasi terhadap hasil penelitian dalam bentuk dashboard (data, grafik)
Kualifikasi: 
S1 jurusan Sistem Informasi / Statistika
Pengalaman min. 1 tahun sebagai data analyst (termasuk pengalaman magang)
Menguasai pengoperasian Ms. Excel dan penggunaan fungsi seperti VLOOKUP, PIVOT, INDEX-MATCH, dll
Memahami dasar pengambilan data dari database (SELECT, JOIN, GROUP BY, WHERE, dll).
Memahami bahasa pemrograman:
Python (pustaka: pandas, numpy, matplotlib, seaborn)
R (untuk analisis statistik)
Memahami program visualisasi data (Power BI/R Studio/Looker Studio)
Memiliki pemahaman dasar tentang statistik deskriptif (mean, median, modus, standar deviasi, korelasi)"
Data Analyst,TurnkeyID,"Batu, Jawa Timur",Rp 5.000.000 – Rp 7.000.000 per month,Full time,11,https://www.jobstreet.co.id/id/job/84987345?type=standard&ref=search-standalone&origin=jobCard#sol=e8ce6da826a38315daac7a02904e095c69932dba,"Qualifications
Proficiency in Python for data analysis, statistical modeling, and visualization. Python is mandatory, with other programming languages as substantial advantages.
Strong problem-solving skills with a systematic approach to analyzing complex datasets and deriving meaningful insights.
Expertise in statistical methods, including hypothesis testing, regression analysis, and probability theory.
Familiarity with machine learning techniques (e.g., supervised and unsupervised learning, time series forecasting) and AI tools is a plus.
Experience with various data types, including time series analysis, is highly valued.
Experience with data analytics tools, including Pandas, NumPy, and SciPy, for data processing and visualization.
1-3 years of experience in data analysis, preferably in financial markets or trading. Fresh graduates with strong analytical skills and relevant project experience are welcome to apply.
Preferably a Bachelor’s degree in Mathematics, Statistics, Data Science, Computer Science, Finance, or a related field with a minimum GPA of 3.2. Candidates with demonstrated expertise in data analysis are welcome to apply regardless of formal education.
Ability to present complex data insights clearly to technical and non-technical stakeholders.
Willingness to work on-site in Batu, Malang.
Key Responsibilities
Analyze trading-related and financial market data to identify trends, patterns, and anomalies that inform strategic decisions.
Process and interpret complex datasets to provide clear, actionable insights for stakeholders, supporting informed risk management, effective trading strategies, and optimized portfolio management.
Clean, transform, and organize large datasets from various sources, including market feeds, on-chain data, or proprietary systems.
Develop and apply statistical models to assess risks, evaluate performance, and validate hypotheses.
Leverage machine learning and AI techniques to enhance models, pattern recognition, anomaly detection, or strategy optimization where applicable.
Build and maintain analytical tools or scripts using Python to streamline data processing and visualization.
Create clear reports, dashboards, and visualizations to communicate findings effectively to non-technical stakeholders.
Work closely with quantitative developers, crypto analysts, and other teams to integrate data insights into trading systems and strategies."
Data Analyst,N/A,"Jakarta Utara, Jakarta Raya",N/A,Full time,9,https://www.jobstreet.co.id/id/job/85023327?type=standard&ref=search-standalone&origin=jobCard#sol=5fc9dbf730e19fa5154ddfed7bb1a23df953efcb,"Mengumpulkan,menganalisis, mengevaluasi dan melaporkan data penjualan: NOO/PS Reports secara harian/rutin kemudian mengirimkan via e-mail dan media lainnya.
Menarik data merekap, mensortir serta menganalisa data visit sistem penjualan (data Jumlah visit data dan kunjungan dll sesuai pemerintahan) dari seluruh team SE Delisari Nusantara secara Nasional, lalu kirim by-email dan media lainnya secara rutin kepada semua pihak Terkait.
Mengumpulkan laporan penjualan dan tren serta menganalisis kinerja sales yang dievaluasi terhadap target penjualan.
Mengembangkan model pelaporan berdasarkan kebutuhan user, mengusulkan data yang dapat di gunakan oleh perusahaan untuk membantu pembuat keputusan.
Membuat pelaporan adhoc sesuai request team sales & marketing.
Berkomunikasi perihal kebutuhan pembuatan data dari department lainnya
Kualifikasi :
Pendidikan minimal S1, jurusan Sistem Informasi/Administrasi Bisnis
Memiliki pengalaman sebagai Data Analyst minimal 3 tahun (dari perusahaan Food & Beverage/FMCG lebih disukai).
Memiliki pengalaman menggunakan Business Intelligence and dashboard (ex. Data Sales/demographic).
Memiliki pengalaman bekerja dengan data."
Data Engineer,MSIG Life Insurance Indonesia Tbk,"Jakarta Selatan, Jakarta Raya",N/A,Full time,12,https://www.jobstreet.co.id/id/job/84950537?type=standard&ref=search-standalone&origin=jobCard#sol=167ea178244ac943dfa049f721866c7c9ddc121a,"Design, develop, and maintain efficient and scalable data pipelines on GCP using services such as BigQuery, Dataflow, Cloud Storage, Pub/Sub, and other relevant tools.
Implement data quality monitoring processes and systems to ensure the accuracy, consistency, and reliability of production data.
Acquire, aggregate, cleanse, and process structured and unstructured data from diverse internal and external sources.
Optimise data workflows for performance, scalability, and cost-effectiveness within the GCP ecosystem.
Collaborate with data analysts, data scientists, and business stakeholders to understand data needs and deliver solutions that enable actionable insights.
Develop and maintain technical documentation, including data models, data flow diagrams, and pipeline specifications.
Qualifications:
Bachelor Degree from Computer Science (Informatics Engineering)
Having 2-3 years experience as Data Engineer in Life Insurance or Financial Services Industry 
Can operate ETL tools such as Pentaho PDI
Have skill in Data Querying (SQL)
Excellent in problem-solving and attention to detail"
SAP ABAP Staff,PT Star Cosmos,"Jakarta Barat, Jakarta Raya",N/A,Full time,3,https://www.jobstreet.co.id/id/job/85171834?type=standard&ref=search-standalone&origin=jobCard#sol=b0056bce35f48e328c0a0527432124368811dc83,"Kualifikasi:
Pendidikan minimal S1 jurusan Teknik Infomatika/Sistem Informasi
Memiliki pengalaman 1-2 tahun sebagai ABAPER
Memiliki pengalaman membuat Report ALV, Interface, RFC, BDC, Enhancement, Smartforms, dan User Exit di SAP
Memiliki pengalaman membuat API
Memiliki pemahaman tentang SAP ABAP, analisis sistem, pemecahan masalah, kolaborasi team
Memiliki keterampilan analisis dan komunikasi yang kuat 
Bersedia bekerja di Hari Sabtu (setengah hari)
Penempatan Jakarta Barat
 
Deskripsi pekerjaan:
Merancang dan mengimplementasikan solusi SAP ABAP untuk mencapai tujuan bisnis
Menangani analisis masalah terkait sistem SAP dan mengidentifikasi solusi yang sesuai
Bekerja sama dengan anggota tim lainnya, termasuk tim teknis dan fungsional untuk mengatasi masalah yang muncul dan memastikan kinerja sistem optimal"
Benefit Junior Analyst,Perumda Air Minum Jaya,"Jakarta Pusat, Jakarta Raya",N/A,Kontrak/Temporer,5,https://www.jobstreet.co.id/id/job/85089638?type=standard&ref=search-standalone&origin=jobCard#sol=2bd9d2161cdd4549ea9c38d6262ecc4566258804,"KETENTUAN UMUM
Tidak pernah terlibat perbuatan kriminal
Sehat jasmani & rohani
Siap ditempatkan di DKI Jakarta
KETENTUAN KHUSUS
Pendidikan minimal D3
Memiliki pengalaman minimal 1 tahun mengelola administrasi pegawai
Menguasai Microsoft Office (Word, Excel, pivot table)
DESKRIPSI PEKERJAAN
Mengelola administrasi terkait program kesejahteraan pegawai, termasuk santunan duka, bantuan komunikasi, 
car ownership program
, dan bantuan kendaraan roda empat
Mengelola administrasi surat jaminan MCU pre-employment"
Marketing Analyst,PT Garuda Metalindo,"Jakarta Utara, Jakarta Raya",N/A,Full time,12,https://www.jobstreet.co.id/id/job/84947390?type=standard&ref=search-standalone&origin=jobCard#sol=f95306e7dcdbd8dad0a9d7853e920e030fa4a6f2,"Job Description
We are looking for a 
Marketing Pricing Analyst
 to join our commercial team. This role is crucial in driving the company’s profitability through strategic pricing, market analysis, and collaboration with internal stakeholders.
Responsibilities
Conduct market and competitor pricing analysis to identify trends and opportunities
Develop and maintain product pricing structures aligned with market dynamics and company objectives
Collaborate with Sales, Finance, and Product teams to ensure pricing strategies support business goals
Monitor cost structures and analyze the impact of pricing on margin and revenue
Provide data-driven recommendations for pricing adjustments or promotions
Support commercial decision-making through pricing simulations and reports
Requirements
Bachelor’s degree in Marketing, Economics, Statistics, Industrial Engineering, or a related field
Proven analytical and numerical skills with proficiency in Excel (Pivot Tables, VLOOKUP, etc.) and data tools (e.g., Power BI)
Strong business sense with an understanding of pricing models and market behavior
Excellent communication and interpersonal skills
Detail-oriented, proactive, and able to manage multiple priorities"
IT Data Engineer Specialist,PT Bussan Auto Finance (BAF),"Jakarta Selatan, Jakarta Raya",N/A,Full time,9,https://www.jobstreet.co.id/id/job/85033491?type=standard&ref=search-standalone&origin=jobCard#sol=dd694d6d8b9544ecda5cc90b2ed4a69d12e4caed,"Join our team as an 
IT Data Engineer Specialist
 and play a critical role in designing, optimizing, and maintaining our data transformation and warehousing processes. If you’re passionate about data, performance, and collaboration, this role is for you.
Key Responsibilities:
Design, develop, and maintain data transformation processes to cleanse, transform, and aggregate data within the data warehouse.
Optimize and streamline data workflows to ensure efficient processing and storage.
Collaborate with data analysts and business stakeholders to understand data requirements and implement the right data transformations.
Develop and maintain database schemas, tables, and views to support reporting and analytics needs.
Implement data governance policies to ensure data quality, security, and compliance.
Monitor and maintain system performance, troubleshoot issues, and optimize scalability and efficiency in the data warehouse and data pipelines.
Qualifications:
Minimum 3 years of experience in data engineering or a related field.
Strong understanding of data transformation and warehousing concepts and have skill about Python, Bash Linux, SQL Server, PostgresSQL, Docker, Apache Airflow
Familiarity with data governance and security best practices.
Excellent analytical and problem-solving skills."
Geospatial Analyst,PT Merdeka Copper Gold Tbk,"Jakarta Selatan, Jakarta Raya",N/A,Full time,2,https://www.jobstreet.co.id/id/job/85184583?type=standard&ref=search-standalone&origin=jobCard#sol=948c5e6ad9afd555e260a9dd8fb4bf0416689562,"PT Merdeka Copper Gold Tbk produces metals and minerals essential for human advancement. As an Indonesian metal and mineral mining holding company headquartered in Jakarta, Merdeka explores, extracts, and produces gold, silver, copper, and other minerals through subsidiaries across three islands in Indonesia.
Established in 2012, Merdeka became a public company in 2015 with the stock code MDKA. Merdeka is owned by prominent shareholders, including PT Saratoga Investama Sedaya Tbk, PT Provident Capital Indonesia (through PT Mitra Daya Mustika and PT Suwarna Arta Mandiri), and Garibaldi Thohir.
Responsibilities:
Administer and maintain centralized-spatial database using GIS products to ensure that all stored data (both vector and raster) well-updated, accurate, and well-managed to support all Merdeka Projects including data validation and quality control by do coordination with Jakarta and Project team.
Assist in setup and develop collaborative mapping system using ESRI ArcGIS and opensource platform.
Perform vector and raster data processing and visualizing both 2D and 3D from various sources to update spatial database and support other department by using geospatial libraries (GeoPandas, GemPy etc.) and automation within software (ArcPy, PyQGIS)
Responsible in design and develop Web based GIS using ESRI ArcGIS or opensource platform (Leaflet or OpenLayers) to support corporate and Project team.
Support in big spatial data management, analysis, perform detection and predictive analysis using GeoAI by utilise various data format.
Assist in providing training for Jakarta and site team, and delivering technical documentation (user guide).
Requirments:
Bachelor degree in a relevant discipline such as Geodesy, Geomatics, Geography, or Geology is desirable from reputable domestic university.
Demonstrated minimum 3 years’ experience using GIS softwares (e.g: ESRI ArcGIS, QGIS, or MapInfo), spatial database (PostGIS), sharing platform (GeoServer), Web GIS (AGOL, Leaflet or OpenLayers) and geospatial libraries (Python).
Experience in mining industry become an advantage
Demonstrated interest / experience in GIS and spatial tool applied for mining or geoscience
Familiar with various geospatial library such as: GDAL,  GeoPandas, GemPy, Streamlit etc..
Familiar with ArcGIS Platform (AGOL, Survey123 etc.)
Familiar with Jupyter Notebook or other Python IDE (PyCharm, Spyder, etc.)
Ability to be self-motivated and to work with minimum supervision"
Data Analyst,PT Main Games Indonesia (Jakarta),"Jakarta Selatan, Jakarta Raya",N/A,Full time,12,https://www.jobstreet.co.id/id/job/84942241?type=standard&ref=search-standalone&origin=jobCard#sol=3d29ff9d53730c3bf8bb58d60767b43b7020d85d,"Data Analyst 
Responsibilities:
Mine and analyze data from company databases to drive optimization and improvement of product development, marketing techniques, and business strategies.
Assess the effectiveness and accuracy of new data sources and data-gathering techniques
Develop custom data models and algorithms to apply to data sets.
Coordinate with different functional teams to implement models and monitor outcomes.
Develop processes and tools to monitor and analyze model performance and data accuracy.
 
Requirements:
Having 2-3 years of experience manipulating data sets and building statistical models.
Having experience using Python minimal 1 year.
Education background: Bachelor's degree, but preferable from a Master's degree in Statistics, Mathematics, or another quantitative field (Fresh Graduate Welcome). GPA must be 3.00+
Young and energetic person.
Strong problem-solving skills with an emphasis on product development.
Experience using statistical computer languages (R, Python, SLQ, etc.) to manipulate data and draw insights from large data sets.
Experience working with and creating data architectures.
Deep knowledge of handling big data.
Knowledge of various machine learning techniques (clustering, decision tree learning, artificial neural networks, etc.) and their real-world advantages/drawbacks.
Knowledge of advanced statistical techniques and concepts (regression, properties of distributions, statistical tests, proper usage, etc.) and experience with applications.
A drive to learn and master new technologies and techniques.
Adaptable to dynamic work environments.
Understanding gaming trends is a plus.
 
Note:
There is a test for every suitable candidate.
Only the candidates who pass the test will be invited to an interview session."
Data Analyst (Mandarin),PT Jui Shin Indonesia (Semen Garuda),"Jakarta Barat, Jakarta Raya",N/A,Full time,16,https://www.jobstreet.co.id/id/job/84862690?type=standard&ref=search-standalone&origin=jobCard#sol=0b7566cec03864f02f43d0402a7a07e63925d39d,"What we're looking for
Bachelor's degree in  Statistics, Mathematics, Computer Science, or 
Finance
Minimum 3 years of experience as a Data Analyst or in a similar role
Strong proficiency in data manipulation and analysis tools such as SQL, Excel, and Tableau
Excellent problem-solving and critical thinking skills, with the ability to extract valuable insights from complex data
Strong communication skills to present findings effectively to both technical and non-technical audiences
Able to speak Mandarin / English (will be a great advantage)
Willing to work until Saturday (12 noon) and place at Head office (Slipi).
What you will be doing 
Collect and organize data from branches.
Support the team in documenting, managing administration, data sources, analysis results, and reports in an organized, secure, and systematic.
Complete process data analysis as directed and within the given deadline."
Production Data Analyst,PT Cahaya Jakarta,"Cikarang Selatan, Jawa Barat",N/A,Full time,10,https://www.jobstreet.co.id/id/job/85013869?type=standard&ref=search-standalone&origin=jobCard#sol=a40bba0c1b3e27a2c7aca8f08867f04fda9308dd,"Let's Join Us!
Embark your Journey & Enrich your potential With Cahaya Jakarta Group Now!
About Cahaya Jakarta Group
Cahaya Jakarta is a leading labeling and packaging company in Indonesia. Established in 1991, Cahaya Jakarta started out as a printing company specializing in self-adhesive label printer. Devoted in supplying our customers with quality service and customized solutions for the packaging.
We strongly believe we are referred to be proactive in providing services that impact people on both professional and personal level. Our vast experience in how labels are printed and applied to various range of product is at your disposal. We understand the challenges and strive to assist you, market your products by producing high quality, attractive and the right label for your product market. Limits are never set; challenges are means for continuous improvements to us.
Qualifications:
Bachelor’s/Diploma in Mechanical , Electrical, Industrial Engineering, or related field.
Minimum 3 years of experience in manufacturing industry.
Experience in the printing industry, especially in label production processes, is a strong advantage.
Good knowledge of end-to-end production processes.
Strong understanding of lean manufacturing , kaizen, and continuous improvement.
Able to read and interpreting technical drawings and work instructions.
Proficient in data analysis and problem-solving tools (QC 7 tools, Pareto, Fishbone).
Proficient in Microsoft Excel and PowerPoint.
Strong communication, analytical skills, and ability to work effectively under pressure and meet tight deadlines.
Fluent in English is preferred.
Willing to be place in Cikarang.
Responsibilities:
Analyze production data and identify discrepancies.
Proactively identify and solve production issues through root cause analysis and effective problem-solving techniques.
Collaborate with the production team to develop, implement, and maintain document SOPs for production processes.
Analyze performance gaps and implement corrective actions to achieve production goals
Establish and update standardized process parameters to ensure consistency and quality
Collaborate with printing specialists to develop and update technical training materials for leaders and operators
Conduct regular reviews of equipment and parts, providing recommendations to maintenance and production supervisors for necessary repairs or replacements
Prepare weekly and monthly reports detailing process improvements and overall production performance"
DIGITAL BUSINESS ANALYST,PT Ifabula Digital Kreasi,Jakarta Raya,Rp 6.000.000 – Rp 7.500.000 per month,Full time,5,https://www.jobstreet.co.id/id/job/85101103?type=standard&ref=search-standalone&origin=jobCard#sol=8558b2a115772d447c36022b48d52e7c28e0ee02,"Candidate must possess at least a Bachelor's Degree, Computer Science/Information Technology, Engineering (Computer/Telecommunication), Science & Technology or equivalent.
Have financial industry knowledge: Banking, Insurance, Multifinance
Understand how to create business flow for digital product (mobile apps, ecommerce, and others digital products)
Love creating document, such as Functional Specification Document, Business Requirement Document, etc - and also structural and comprehensive
Pay attention to details
Good communication skill (communication to programmer and also customer - please be patient )
Good Analytical Skill
Customer based thinking
Experience working in Agile environments.
1-3 years experience"
Data Analyst TM,PT Nirwana Lestari.,"Tangerang, Banten",Rp 9.000.000 – Rp 12.000.000 per month,Full time,18,https://www.jobstreet.co.id/id/job/84813558?type=standard&ref=search-standalone&origin=jobCard#sol=8d0ebfb02d1c331f4bda82aed40bbbcdd2db9e49,"Tanggung Jawab Utama:
	•	Mengelola dan menganalisis data STC > 8 Account secara mingguan (weekly).
	•	Menyusun dan mereview laporan data STT secara rutin.
	•	Melakukan analisis data untuk menghasilkan insight dan rekomendasi bagi tim operasional.
	•	Menyediakan data akurat dan terstruktur untuk kebutuhan manajemen dan pengambilan keputusan.
	•	Bekerja sama dengan tim lintas fungsi untuk memastikan data yang digunakan valid dan up to date.
Kualifikasi yang Dibutuhkan:
	•	Pengalaman minimal 3 tahun di bidang data, terutama dalam analisis dan pengolahan data skala besar.
	•	Mampu bekerja dengan Excel tingkat lanjut (minimal kemampuan 9/10).
	•	Terbiasa dengan proses cleaning, processing, dan visualisasi data.
	•	Memiliki kemampuan analitis yang kuat dan perhatian terhadap detail.
	•	Pendidikan minimal S1 (Statistika, Matematika, Teknik Industri, Ekonomi, atau bidang relevan)."
Data Engineer,N/A,"Jakarta Pusat, Jakarta Raya",N/A,Kontrak/Temporer,5,https://www.jobstreet.co.id/id/job/85095550?type=standard&ref=search-standalone&origin=jobCard#sol=e4e5800fda7f641e590c254dcf6f783f04c70f1c,"1. Data Engineer (Contract)
Location:
 On-site
Job Summary:
We are looking for a skilled 
Data Engineer
 to design, build, and maintain scalable data infrastructure that supports the company’s analytics and data-driven decision-making. You will work closely with data scientists, analysts, and product teams to ensure that our data pipelines and systems are efficient, reliable, and secure.
Key Responsibilities:
Design and build data pipelines to ingest, transform, and process data from various sources.
Implement and optimize ETL processes for structured reporting and analytics.
Develop and maintain data storage solutions, including data lakes and warehouses.
Monitor and troubleshoot data pipeline performance and integrity.
Support data modeling and work with analysts to build dashboards and reports.
(Bonus) Collaborate with data scientists to support machine learning projects.
Requirements:
Strong experience in Python, SQL, or Scala.
Familiar with data pipeline tools like Apache Airflow, Apache Beam, or similar.
Proficient in cloud platforms (AWS, GCP, or Azure).
Experience with relational and NoSQL databases (e.g., PostgreSQL, MongoDB).
Familiar with data warehousing tools such as BigQuery, Snowflake, or Redshift.
Understanding of data modeling, ETL best practices, and version control.
Good communication skills and problem-solving mindset.
Certifications in AWS, GCP, or other data platforms are a plus."
User Research Specialist - Transsion Indonesia,PT Carlcare Service Ila,Jakarta Raya,N/A,Full time,2,https://www.jobstreet.co.id/id/job/85157953?type=standard&ref=search-standalone&origin=jobCard#sol=d176f9837d46b1c92b93dfdead15030975a8fe56,"Job Requirement:
Min 3 years of research experience in the Agency or Corporate (agency would be a good plus)
Proven experience in managing Quantitative research projects. Exposure to Qualitative research projects is an advantage.
Fluent English is a MUST.
Proficiency in SPSS, Excel, or other data processing software.
Strong communication skills and excellent logical reasoning abilities.
 
Job Responsibilities:
Oversee project management for both Quantitative and Qualitative research. 
Assist Senior Researchers in preparing comprehensive reports for each research project.
Conduct fieldwork for Qualitative or Quantitative research as required. 
Facilitate communication and negotiation with field vendors and external agencies.
Coordinate and manage respondents' schedules effectively."
System Analyst,PT Ako Media Asia,"Jakarta Barat, Jakarta Raya",N/A,Full time,4,https://www.jobstreet.co.id/id/job/85125386?type=standard&ref=search-standalone&origin=jobCard#sol=ad432634a30ea3c20725610cfa626213077a53ff,"Looking System Analyst to join our growing team and take ownership in shaping robust, scalable systems. You’ll be working closely with business stakeholders, architects, and engineering teams on large-scale, strategic projects. Your role will span technical design, and system modelling—requiring both critical thinking and adaptability.
 
Responsibilities:
Analyze complex business requirements and translate them into detailed technical specifications and system workflows.
Act as a liaison between business users and technical teams, facilitating communication and aligning expectations.
Lead and facilitate solution design sessions with technical and non technical stakeholders.
Model application and integration processes using PlantUML, or similar notation tools.
Design and document scalable system architectures and data flows, focusing on reusability and maintainability.
Provide knowledge transfer and conduct system walkthroughs with relevant stakeholders.
Ensure documentation is continuously updated and aligned with evolving product and business goals.
Identify gaps, inefficiencies, and opportunities for system and process improvements.
Collaborate in effort estimation and sprint planning to ensure delivery feasibility and accuracy.
 
Qualifications:
Bachelor’s degree in Information Systems, Computer Science, or a related field.
Minimum 3+ years as a System Analyst or equivalent technical role.
Strong problem-solving and critical thinking skills.
Proficient in UML, sequence diagrams, ERDs, and documentation tools (e.g., Confluence, Lucidchart).
Solid understanding of Microservices architecture, REST APIs, and enterprise-level integration patterns.
Excellent verbal and written communication, with the ability to synthesize complex concepts.
Fast learner with adaptability in rapidly changing environments.
Comfortable working independently while collaborating with diverse teams.
Working knowledge of software development lifecycle (SDLC) and Agile methodologies.
 
Bonus Points:
Experience with cloud platforms (AWS, GCP, Azure).
Prior work in telco, fintech, or high-scale transactional systems.
Exposure to DevOps, CI/CD, and API contract-first development.
Experience delivering large, multi-stream, cross-functional system projects."
Data Analyst Manager,PT Star Sparta Indonesia,"Jakarta Utara, Jakarta Raya",N/A,Full time,12,https://www.jobstreet.co.id/id/job/84953189?type=standard&ref=search-standalone&origin=jobCard#sol=013c1c04d8fa50bfd3ba34648556c7eb16b21584,"Deskripsi Pekerjaan:
Memberikan rekomendasi dan membuat konsep laporan standart sesuai kebutuhan user.
Mengumpulkan, menganalisis dan menginterpretasikan data dari berbagai sumber yang diperlukan untuk membuat laporan serta dashboard yang dibutuhkan oleh user.
Membuat standart format laporan juga dashboard untuk organisasi, serta menjaganya tetap up to date dan akurat untuk memantau business performance.
Berkolaborasi dan melakukan follow up dengan tim lintas departemen untuk memastikan data yang diperlukan untuk dianalisa sudah lengkap dan tepat waktu.
Bekerja sama dan berkoordinasi dengan tim lintas departemen untuk memahami kebutuhan data dan menerjemahkannya ke dalam solusi data yang efektif.
Menerjemahkan dan mempresentasikan data ke dalam visualisasi, metrik, dan tujuan yang mudah dimengerti untuk kebutuhan pengembangan bisnis.
Melakukan analisis ad-hoc dan menghasilkan laporan terperinci untuk mendukung inisiatif bisnis dan proses pengambilan keputusan stake holders.
Kualifikasi:
Pendidikan S1 Statistics, Mathematics, Computer Science atau jurusan yang related dengan posisi ini.
Usia 30 - 40 tahun.
Memiliki pengalaman sebagai Data Analyst Manager minimal 3 th, di Perusahaan distribusi untuk automotive battery/automotive sparepart/FMCG lebih diutamakan.
Mahir menggunakan program Microsoft Office (Excel, Word, Power Point) dan tools data analyst.
Memiliki kemampuan: komunikasi yang baik, analisa yang kuat, berpikir logis, detail, terstruktur, cepat belajar, aktif dan problem solver.
Mampu bekerjasama dan berkoordinasi dalam tim.
Penempatan di area Pegangsaan Dua – Jakarta Utara."
Apprenticeship - Market Researcher,PT Prudential Life Assurance,"Jakarta Selatan, Jakarta Raya",N/A,Kontrak/Temporer,3,https://www.jobstreet.co.id/id/job/85166012?type=standard&ref=search-standalone&origin=jobCard#sol=965504410d4175934fc75192c3513dd64bcbe76c,"Responsibilities:
To assist generating online survey questionnaire, inclusive of analysis and reporting
To do desk research related to insurance market
To assist in handling administrative tasks
Requirements:
Fresh Graduate or Final-year Student from any major (Mathematics / Statistics / Psychology / Sociology / Data Science / Management / Business / Finance / Economics, or any related major)
Having experience generating online survey through any platform (e.g. SurveyMonkey, Google Form, etc.) 
Advance in Microsoft Office especially Ms. Excel
Strong numerical and analytical skills with a keen interest in analyzing data to provide recommendations and insight 
Good communication skills (verbal & non verbal, both in English and Bahasa Indonesia)
Can-do attitude
Willing to do WFO (3x a week) and WFH (2x a week) in South Jakarta
Committed to do 6 months internship"
Business Analyst,"PT. Metrodata Electronics, Tbk","Jakarta Barat, Jakarta Raya",N/A,Full time,5,https://www.jobstreet.co.id/id/job/85106292?type=standard&ref=search-standalone&origin=jobCard#sol=4c8538573e8a4c5b746167d64d26429cbdb4c894,"We are looking for an experienced Business Analyst to join our team. If you have excellent programming skills and a passion for developing applications or improving existing ones, we would like to meet you. As a Business Analyst, you’ll work closely with our engineers to ensure system consistency and improve user experience.
Business Analyst
 
roles and responsibilities include:
Perform design an upgrades of information system to meet the business and client needs.
Provide documentation of all processes as needed.
Implement best practices for supportability
Coordinate and communicate effectively with the internal developer team.
 
PT Metrodata Electronics, Tbk (Digital Solution Provider & Technology Innovator) would like to invite you to be part of the company to develop yourself and your skills. If you are: 
Bachelor's Degree,Computer Science/Information Technology
At least 2 year(s) of working experience as Business Analyst
Good Analysis Skill, System Integration, and Good Knowledge in Business Process.
Have background experience as Business Analyst to develop business Application
Preferable have experience working in an insurance company
 
If you meet the requirement we needed, let’s apply for the following open positions. Metrodata not just offer for the job, we offer you for brighter career future."
Data Support (Makassar),PT Depoguna Bangunan Online,"Makassar, Sulawesi Selatan",N/A,Full time,16,https://www.jobstreet.co.id/id/job/84867661?type=standard&ref=search-standalone&origin=jobCard#sol=c33c79bb2a60244de92c4ca617b8a00d1d2bf80d,"Kualifikasi:
Berpengalaman min. 2 th di bidang Project support, terbiasa memahami proses yang berjalan.
Berpengalaman melakukan support pelaksanaan project mulai dari data setting, mapping data, pengecekan integrasi data ke system sampai dengan sosialisasi event terlaksana.
Berpengalaman dalam menangani masalah dan perubahan-perubahan yang terkait dengan aktivitasnya secara tepat sehingga isu-isu yang ada tersebut dapat terselesaikan.
Berpengalaman dalam melakukan monitoring terhadap fitur/proses yang berjalan pada project.
Terbiasa dalam menyediakan laporan-laporan terkait yang dibutuhkan oleh manajemen."
